mediapipe_index,openwillis_landmark,upper_face,lower_face,lips,eyebrows,display_region
0,lmk001,False,True,True,False,lips
1,lmk002,True,False,False,False,upper_face
2,lmk003,True,False,False,False,upper_face
3,lmk004,True,False,False,False,upper_face
4,lmk005,True,False,False,False,upper_face
5,lmk006,True,False,False,False,upper_face
6,lmk007,True,False,False,False,upper_face
7,lmk008,True,False,False,False,upper_face
8,lmk009,True,False,False,False,upper_face
9,lmk010,True,False,False,False,upper_face
10,lmk011,True,False,False,False,upper_face
11,lmk012,False,True,True,False,lips
12,lmk013,False,True,True,False,lips
13,lmk014,False,True,True,False,lips
14,lmk015,False,True,True,False,lips
15,lmk016,False,True,True,False,lips
16,lmk017,False,True,True,False,lips
17,lmk018,False,True,True,False,lips
18,lmk019,False,True,False,False,lower_face
19,lmk020,True,False,False,False,upper_face
20,lmk021,True,False,False,False,upper_face
21,lmk022,True,False,False,False,upper_face
22,lmk023,True,False,False,False,upper_face
23,lmk024,True,False,False,False,upper_face
24,lmk025,True,False,False,False,upper_face
25,lmk026,True,False,False,False,upper_face
26,lmk027,True,False,False,False,upper_face
27,lmk028,True,False,False,False,upper_face
28,lmk029,True,False,False,False,upper_face
29,lmk030,True,False,False,False,upper_face
30,lmk031,True,False,False,False,upper_face
31,lmk032,True,False,False,False,upper_face
32,lmk033,False,True,False,False,lower_face
33,lmk034,True,False,False,False,upper_face
34,lmk035,True,False,False,False,upper_face
35,lmk036,True,False,False,True,eyebrows
36,lmk037,True,False,False,False,upper_face
37,lmk038,False,True,True,False,lips
38,lmk039,False,True,True,False,lips
39,lmk040,False,True,True,False,lips
40,lmk041,False,True,True,False,lips
41,lmk042,False,True,True,False,lips
42,lmk043,False,True,True,False,lips
43,lmk044,False,True,False,False,lower_face
44,lmk045,True,False,False,False,upper_face
45,lmk046,True,False,False,False,upper_face
46,lmk047,True,False,False,True,eyebrows
47,lmk048,True,False,False,False,upper_face
48,lmk049,True,False,False,False,upper_face
49,lmk050,True,False,False,False,upper_face
50,lmk051,True,False,False,False,upper_face
51,lmk052,True,False,False,False,upper_face
52,lmk053,True,False,False,True,eyebrows
53,lmk054,True,False,False,True,eyebrows
54,lmk055,True,False,False,False,upper_face
55,lmk056,True,False,False,True,eyebrows
56,lmk057,True,False,False,False,upper_face
57,lmk058,False,True,False,False,lower_face
58,lmk059,False,True,False,False,lower_face
59,lmk060,True,False,False,False,upper_face
60,lmk061,True,False,False,False,upper_face
61,lmk062,False,True,True,False,lips
62,lmk063,False,True,True,False,lips
63,lmk064,True,False,False,True,eyebrows
64,lmk065,True,False,False,False,upper_face
65,lmk066,True,False,False,True,eyebrows
66,lmk067,True,False,False,True,eyebrows
67,lmk068,True,False,False,False,upper_face
68,lmk069,True,False,False,False,upper_face
69,lmk070,True,False,False,False,upper_face
70,lmk071,True,False,False,True,eyebrows
71,lmk072,True,False,False,False,upper_face
72,lmk073,False,True,True,False,lips
73,lmk074,False,True,True,False,lips
74,lmk075,False,True,True,False,lips
75,lmk076,True,False,False,False,upper_face
76,lmk077,False,True,True,False,lips
77,lmk078,False,True,True,False,lips
78,lmk079,False,True,True,False,lips
79,lmk080,True,False,False,False,upper_face
80,lmk081,False,True,True,False,lips
81,lmk082,False,True,True,False,lips
82,lmk083,False,True,True,False,lips
83,lmk084,False,True,False,False,lower_face
84,lmk085,False,True,True,False,lips
85,lmk086,False,True,True,False,lips
86,lmk087,False,True,True,False,lips
87,lmk088,False,True,True,False,lips
88,lmk089,False,True,True,False,lips
89,lmk090,False,True,True,False,lips
90,lmk091,False,True,True,False,lips
91,lmk092,False,True,True,False,lips
92,lmk093,False,True,False,False,lower_face
93,lmk094,True,False,False,False,upper_face
94,lmk095,True,False,False,False,upper_face
95,lmk096,False,True,True,False,lips
96,lmk097,False,True,True,False,lips
97,lmk098,True,False,False,False,upper_face
98,lmk099,True,False,False,False,upper_face
99,lmk100,True,False,False,False,upper_face
100,lmk101,True,False,False,False,upper_face
101,lmk102,True,False,False,False,upper_face
102,lmk103,True,False,False,False,upper_face
103,lmk104,True,False,False,False,upper_face
104,lmk105,True,False,False,False,upper_face
105,lmk106,True,False,False,True,eyebrows
106,lmk107,False,True,False,False,lower_face
107,lmk108,True,False,False,True,eyebrows
108,lmk109,True,False,False,False,upper_face
109,lmk110,True,False,False,False,upper_face
110,lmk111,True,False,False,False,upper_face
111,lmk112,True,False,False,False,upper_face
112,lmk113,True,False,False,False,upper_face
113,lmk114,True,False,False,False,upper_face
114,lmk115,True,False,False,False,upper_face
115,lmk116,True,False,False,False,upper_face
116,lmk117,True,False,False,False,upper_face
117,lmk118,True,False,False,False,upper_face
118,lmk119,True,False,False,False,upper_face
119,lmk120,True,False,False,False,upper_face
120,lmk121,True,False,False,False,upper_face
121,lmk122,True,False,False,False,upper_face
122,lmk123,True,False,False,False,upper_face
123,lmk124,True,False,False,False,upper_face
124,lmk125,True,False,False,True,eyebrows
125,lmk126,True,False,False,False,upper_face
126,lmk127,True,False,False,False,upper_face
127,lmk128,True,False,False,False,upper_face
128,lmk129,True,False,False,False,upper_face
129,lmk130,True,False,False,False,upper_face
130,lmk131,True,False,False,False,upper_face
131,lmk132,True,False,False,False,upper_face
132,lmk133,False,True,False,False,lower_face
133,lmk134,True,False,False,False,upper_face
134,lmk135,True,False,False,False,upper_face
135,lmk136,False,True,False,False,lower_face
136,lmk137,False,True,False,False,lower_face
137,lmk138,True,False,False,False,upper_face
138,lmk139,False,True,False,False,lower_face
139,lmk140,True,False,False,False,upper_face
140,lmk141,False,True,False,False,lower_face
141,lmk142,True,False,False,False,upper_face
142,lmk143,True,False,False,False,upper_face
143,lmk144,True,False,False,False,upper_face
144,lmk145,True,False,False,False,upper_face
145,lmk146,True,False,False,False,upper_face
146,lmk147,False,True,True,False,lips
147,lmk148,False,True,False,False,lower_face
148,lmk149,False,True,False,False,lower_face
149,lmk150,True,False,False,False,upper_face
150,lmk151,False,True,False,False,lower_face
151,lmk152,True,False,False,False,upper_face
152,lmk153,False,True,False,False,lower_face
153,lmk154,True,False,False,False,upper_face
154,lmk155,True,False,False,False,upper_face
155,lmk156,True,False,False,False,upper_face
156,lmk157,True,False,False,True,eyebrows
157,lmk158,True,False,False,False,upper_face
158,lmk159,True,False,False,False,upper_face
159,lmk160,True,False,False,False,upper_face
160,lmk161,True,False,False,False,upper_face
161,lmk162,True,False,False,False,upper_face
162,lmk163,True,False,False,False,upper_face
163,lmk164,True,False,False,False,upper_face
164,lmk165,False,True,False,False,lower_face
165,lmk166,False,True,False,False,lower_face
166,lmk167,True,False,False,False,upper_face
167,lmk168,False,True,False,False,lower_face
168,lmk169,True,False,False,False,upper_face
169,lmk170,False,True,False,False,lower_face
170,lmk171,False,True,False,False,lower_face
171,lmk172,False,True,False,False,lower_face
172,lmk173,False,True,False,False,lower_face
173,lmk174,True,False,False,False,upper_face
174,lmk175,True,False,False,False,upper_face
175,lmk176,False,True,False,False,lower_face
176,lmk177,False,True,False,False,lower_face
177,lmk178,False,True,False,False,lower_face
178,lmk179,False,True,True,False,lips
179,lmk180,False,True,True,False,lips
180,lmk181,False,True,True,False,lips
181,lmk182,False,True,True,False,lips
182,lmk183,False,True,False,False,lower_face
183,lmk184,False,True,True,False,lips
184,lmk185,False,True,True,False,lips
185,lmk186,False,True,True,False,lips
186,lmk187,False,True,False,False,lower_face
187,lmk188,False,True,False,False,lower_face
188,lmk189,True,False,False,False,upper_face
189,lmk190,True,False,False,False,upper_face
190,lmk191,True,False,False,False,upper_face
191,lmk192,False,True,True,False,lips
192,lmk193,False,True,False,False,lower_face
193,lmk194,True,False,False,True,eyebrows
194,lmk195,False,True,False,False,lower_face
195,lmk196,True,False,False,False,upper_face
196,lmk197,True,False,False,False,upper_face
197,lmk198,True,False,False,False,upper_face
198,lmk199,True,False,False,False,upper_face
199,lmk200,False,True,False,False,lower_face
200,lmk201,False,True,False,False,lower_face
201,lmk202,False,True,False,False,lower_face
202,lmk203,False,True,False,False,lower_face
203,lmk204,True,False,False,False,upper_face
204,lmk205,False,True,False,False,lower_face
205,lmk206,True,False,False,False,upper_face
206,lmk207,False,True,False,False,lower_face
207,lmk208,False,True,False,False,lower_face
208,lmk209,False,True,False,False,lower_face
209,lmk210,True,False,False,False,upper_face
210,lmk211,False,True,False,False,lower_face
211,lmk212,False,True,False,False,lower_face
212,lmk213,False,True,False,False,lower_face
213,lmk214,False,True,False,False,lower_face
214,lmk215,False,True,False,False,lower_face
215,lmk216,False,True,False,False,lower_face
216,lmk217,False,True,False,False,lower_face
217,lmk218,True,False,False,False,upper_face
218,lmk219,True,False,False,False,upper_face
219,lmk220,True,False,False,False,upper_face
220,lmk221,True,False,False,False,upper_face
221,lmk222,True,False,False,False,upper_face
222,lmk223,True,False,False,False,upper_face
223,lmk224,True,False,False,False,upper_face
224,lmk225,True,False,False,False,upper_face
225,lmk226,True,False,False,False,upper_face
226,lmk227,True,False,False,False,upper_face
227,lmk228,True,False,False,False,upper_face
228,lmk229,True,False,False,False,upper_face
229,lmk230,True,False,False,False,upper_face
230,lmk231,True,False,False,False,upper_face
231,lmk232,True,False,False,False,upper_face
232,lmk233,True,False,False,False,upper_face
233,lmk234,True,False,False,False,upper_face
234,lmk235,True,False,False,False,upper_face
235,lmk236,True,False,False,False,upper_face
236,lmk237,True,False,False,False,upper_face
237,lmk238,True,False,False,False,upper_face
238,lmk239,True,False,False,False,upper_face
239,lmk240,True,False,False,False,upper_face
240,lmk241,True,False,False,False,upper_face
241,lmk242,True,False,False,False,upper_face
242,lmk243,True,False,False,False,upper_face
243,lmk244,True,False,False,False,upper_face
244,lmk245,True,False,False,False,upper_face
245,lmk246,True,False,False,False,upper_face
246,lmk247,True,False,False,False,upper_face
247,lmk248,True,False,False,False,upper_face
248,lmk249,True,False,False,False,upper_face
249,lmk250,True,False,False,False,upper_face
250,lmk251,True,False,False,False,upper_face
251,lmk252,True,False,False,False,upper_face
252,lmk253,True,False,False,False,upper_face
253,lmk254,True,False,False,False,upper_face
254,lmk255,True,False,False,False,upper_face
255,lmk256,True,False,False,False,upper_face
256,lmk257,True,False,False,False,upper_face
257,lmk258,True,False,False,False,upper_face
258,lmk259,True,False,False,False,upper_face
259,lmk260,True,False,False,False,upper_face
260,lmk261,True,False,False,False,upper_face
261,lmk262,True,False,False,False,upper_face
262,lmk263,False,True,False,False,lower_face
263,lmk264,True,False,False,False,upper_face
264,lmk265,True,False,False,False,upper_face
265,lmk266,True,False,False,True,eyebrows
266,lmk267,True,False,False,False,upper_face
267,lmk268,False,True,True,False,lips
268,lmk269,False,True,True,False,lips
269,lmk270,False,True,True,False,lips
270,lmk271,False,True,True,False,lips
271,lmk272,False,True,True,False,lips
272,lmk273,False,True,True,False,lips
273,lmk274,False,True,False,False,lower_face
274,lmk275,True,False,False,False,upper_face
275,lmk276,True,False,False,False,upper_face
276,lmk277,True,False,False,True,eyebrows
277,lmk278,True,False,False,False,upper_face
278,lmk279,True,False,False,False,upper_face
279,lmk280,True,False,False,False,upper_face
280,lmk281,True,False,False,False,upper_face
281,lmk282,True,False,False,False,upper_face
282,lmk283,True,False,False,True,eyebrows
283,lmk284,True,False,False,True,eyebrows
284,lmk285,True,False,False,False,upper_face
285,lmk286,True,False,False,True,eyebrows
286,lmk287,True,False,False,False,upper_face
287,lmk288,False,True,False,False,lower_face
288,lmk289,False,True,False,False,lower_face
289,lmk290,True,False,False,False,upper_face
290,lmk291,True,False,False,False,upper_face
291,lmk292,False,True,True,False,lips
292,lmk293,False,True,True,False,lips
293,lmk294,True,False,False,True,eyebrows
294,lmk295,True,False,False,False,upper_face
295,lmk296,True,False,False,True,eyebrows
296,lmk297,True,False,False,True,eyebrows
297,lmk298,True,False,False,False,upper_face
298,lmk299,True,False,False,False,upper_face
299,lmk300,True,False,False,False,upper_face
300,lmk301,True,False,False,True,eyebrows
301,lmk302,True,False,False,False,upper_face
302,lmk303,False,True,True,False,lips
303,lmk304,False,True,True,False,lips
304,lmk305,False,True,True,False,lips
305,lmk306,True,False,False,False,upper_face
306,lmk307,False,True,True,False,lips
307,lmk308,False,True,True,False,lips
308,lmk309,False,True,True,False,lips
309,lmk310,True,False,False,False,upper_face
310,lmk311,False,True,True,False,lips
311,lmk312,False,True,True,False,lips
312,lmk313,False,True,True,False,lips
313,lmk314,False,True,False,False,lower_face
314,lmk315,False,True,True,False,lips
315,lmk316,False,True,True,False,lips
316,lmk317,False,True,True,False,lips
317,lmk318,False,True,True,False,lips
318,lmk319,False,True,True,False,lips
319,lmk320,False,True,True,False,lips
320,lmk321,False,True,True,False,lips
321,lmk322,False,True,True,False,lips
322,lmk323,False,True,False,False,lower_face
323,lmk324,True,False,False,False,upper_face
324,lmk325,False,True,True,False,lips
325,lmk326,False,True,True,False,lips
326,lmk327,True,False,False,False,upper_face
327,lmk328,True,False,False,False,upper_face
328,lmk329,True,False,False,False,upper_face
329,lmk330,True,False,False,False,upper_face
330,lmk331,True,False,False,False,upper_face
331,lmk332,True,False,False,False,upper_face
332,lmk333,True,False,False,False,upper_face
333,lmk334,True,False,False,False,upper_face
334,lmk335,True,False,False,True,eyebrows
335,lmk336,False,True,False,False,lower_face
336,lmk337,True,False,False,True,eyebrows
337,lmk338,True,False,False,False,upper_face
338,lmk339,True,False,False,False,upper_face
339,lmk340,True,False,False,False,upper_face
340,lmk341,True,False,False,False,upper_face
341,lmk342,True,False,False,False,upper_face
342,lmk343,True,False,False,False,upper_face
343,lmk344,True,False,False,False,upper_face
344,lmk345,True,False,False,False,upper_face
345,lmk346,True,False,False,False,upper_face
346,lmk347,True,False,False,False,upper_face
347,lmk348,True,False,False,False,upper_face
348,lmk349,True,False,False,False,upper_face
349,lmk350,True,False,False,False,upper_face
350,lmk351,True,False,False,False,upper_face
351,lmk352,True,False,False,False,upper_face
352,lmk353,True,False,False,False,upper_face
353,lmk354,True,False,False,True,eyebrows
354,lmk355,True,False,False,False,upper_face
355,lmk356,True,False,False,False,upper_face
356,lmk357,True,False,False,False,upper_face
357,lmk358,True,False,False,False,upper_face
358,lmk359,True,False,False,False,upper_face
359,lmk360,True,False,False,False,upper_face
360,lmk361,True,False,False,False,upper_face
361,lmk362,False,True,False,False,lower_face
362,lmk363,True,False,False,False,upper_face
363,lmk364,True,False,False,False,upper_face
364,lmk365,False,True,False,False,lower_face
365,lmk366,False,True,False,False,lower_face
366,lmk367,True,False,False,False,upper_face
367,lmk368,False,True,False,False,lower_face
368,lmk369,True,False,False,False,upper_face
369,lmk370,False,True,False,False,lower_face
370,lmk371,True,False,False,False,upper_face
371,lmk372,True,False,False,False,upper_face
372,lmk373,True,False,False,False,upper_face
373,lmk374,True,False,False,False,upper_face
374,lmk375,True,False,False,False,upper_face
375,lmk376,False,True,True,False,lips
376,lmk377,False,True,False,False,lower_face
377,lmk378,False,True,False,False,lower_face
378,lmk379,False,True,False,False,lower_face
379,lmk380,False,True,False,False,lower_face
380,lmk381,True,False,False,False,upper_face
381,lmk382,True,False,False,False,upper_face
382,lmk383,True,False,False,False,upper_face
383,lmk384,True,False,False,True,eyebrows
384,lmk385,True,False,False,False,upper_face
385,lmk386,True,False,False,False,upper_face
386,lmk387,True,False,False,False,upper_face
387,lmk388,True,False,False,False,upper_face
388,lmk389,True,False,False,False,upper_face
389,lmk390,True,False,False,False,upper_face
390,lmk391,True,False,False,False,upper_face
391,lmk392,False,True,False,False,lower_face
392,lmk393,True,False,False,False,upper_face
393,lmk394,False,True,False,False,lower_face
394,lmk395,False,True,False,False,lower_face
395,lmk396,False,True,False,False,lower_face
396,lmk397,False,True,False,False,lower_face
397,lmk398,False,True,False,False,lower_face
398,lmk399,True,False,False,False,upper_face
399,lmk400,True,False,False,False,upper_face
400,lmk401,False,True,False,False,lower_face
401,lmk402,False,True,False,False,lower_face
402,lmk403,False,True,True,False,lips
403,lmk404,False,True,True,False,lips
404,lmk405,False,True,True,False,lips
405,lmk406,False,True,True,False,lips
406,lmk407,False,True,False,False,lower_face
407,lmk408,False,True,True,False,lips
408,lmk409,False,True,True,False,lips
409,lmk410,False,True,True,False,lips
410,lmk411,False,True,False,False,lower_face
411,lmk412,False,True,False,False,lower_face
412,lmk413,True,False,False,False,upper_face
413,lmk414,True,False,False,False,upper_face
414,lmk415,True,False,False,False,upper_face
415,lmk416,False,True,True,False,lips
416,lmk417,False,True,False,False,lower_face
417,lmk418,True,False,False,True,eyebrows
418,lmk419,False,True,False,False,lower_face
419,lmk420,True,False,False,False,upper_face
420,lmk421,True,False,False,False,upper_face
421,lmk422,False,True,False,False,lower_face
422,lmk423,False,True,False,False,lower_face
423,lmk424,True,False,False,False,upper_face
424,lmk425,False,True,False,False,lower_face
425,lmk426,True,False,False,False,upper_face
426,lmk427,False,True,False,False,lower_face
427,lmk428,False,True,False,False,lower_face
428,lmk429,False,True,False,False,lower_face
429,lmk430,True,False,False,False,upper_face
430,lmk431,False,True,False,False,lower_face
431,lmk432,False,True,False,False,lower_face
432,lmk433,False,True,False,False,lower_face
433,lmk434,False,True,False,False,lower_face
434,lmk435,False,True,False,False,lower_face
435,lmk436,False,True,False,False,lower_face
436,lmk437,False,True,False,False,lower_face
437,lmk438,True,False,False,False,upper_face
438,lmk439,True,False,False,False,upper_face
439,lmk440,True,False,False,False,upper_face
440,lmk441,True,False,False,False,upper_face
441,lmk442,True,False,False,False,upper_face
442,lmk443,True,False,False,False,upper_face
443,lmk444,True,False,False,False,upper_face
444,lmk445,True,False,False,False,upper_face
445,lmk446,True,False,False,False,upper_face
446,lmk447,True,False,False,False,upper_face
447,lmk448,True,False,False,False,upper_face
448,lmk449,True,False,False,False,upper_face
449,lmk450,True,False,False,False,upper_face
450,lmk451,True,False,False,False,upper_face
451,lmk452,True,False,False,False,upper_face
452,lmk453,True,False,False,False,upper_face
453,lmk454,True,False,False,False,upper_face
454,lmk455,True,False,False,False,upper_face
455,lmk456,True,False,False,False,upper_face
456,lmk457,True,False,False,False,upper_face
457,lmk458,True,False,False,False,upper_face
458,lmk459,True,False,False,False,upper_face
459,lmk460,True,False,False,False,upper_face
460,lmk461,True,False,False,False,upper_face
461,lmk462,True,False,False,False,upper_face
462,lmk463,True,False,False,False,upper_face
463,lmk464,True,False,False,False,upper_face
464,lmk465,True,False,False,False,upper_face
465,lmk466,True,False,False,False,upper_face
466,lmk467,True,False,False,False,upper_face
467,lmk468,True,False,False,False,upper_face
